<?xml version="1.0" encoding="UTF-8"?>
<project-private xmlns="http://www.netbeans.org/ns/project-private/1">
    <editor-bookmarks xmlns="http://www.netbeans.org/ns/editor-bookmarks/2" lastBookmarkId="0"/>
    <open-files xmlns="http://www.netbeans.org/ns/projectui-open-files/2">
        <group>
            <file>file:/C:/Users/Sanju/Documents/NetBeansProjects/telemark/src/telemark/Telemark_1.js</file>
            <file>file:/C:/Users/Sanju/Documents/NetBeansProjects/telemark/src/telemark/Telemark.js</file>
            <file>file:/C:/Users/Sanju/Documents/NetBeansProjects/telemark/src/telemark/Telemark_1_1.js</file>
        </group>
    </open-files>
</project-private>
